Step,Phase,Direction,BLE Command / JSON Payload,Description of Fields,Expected Mobile App UI Behavior
1,Query Stored Calibration,App -> Device,"{""SOILCALIBRATIONDATA"": ""GET""}",Triggers device to return its internal saved points list.,App sends this upon entering the Calibration screen.
2,Device Summary Response,Device -> App,"{""SOILCALIBRATIONDATA"": ""OK"", ""summary"": {""OC"": [""blank"", ""min""], ""N"": [""min""], ""P"": [], ""K"": [], ""Ca"": [], ""Mg"": [], ""S"": [], ""Fe"": [], ""Mn"": [], ""Cu"": [], ""Zn"": [], ""B"": []}, ""file"": ""soil_calibration.json""}","summary: Object containing each nutrient key with an array of calibrated points. file: Local file on device (informational; ignored by app).",The app checks summary and immediately marks matching points with green checkmarks in the overview matrix.
3,Start Calibration Capture,App -> Device,"{""SOILCALIBRATION"": ""START"", ""nutrients"": [""OC""], ""nutrient"": ""OC"", ""point"": ""blank""}","nutrient / nutrients: Target nutrient (e.g. OC). point: Calibration level (blank, min, mid, max).","App enters 'Calibrating...' screen. Sets loop counter to Loop 0/100. Resets channel values to placeholder (-)."
4,Loop Progress Tick (Every loop),Device -> App,"{""SOILCALIBRATION"": ""CAPTURING"", ""sample"": 0, ""total"": 100, ""percent"": 1}","sample: 0-indexed loop (0 to total-1). total: Total loops required by device (e.g. 100 or 20). percent: Progress bar percentage (1 to 100).","Counter updates: Loop (sample + 1)/total (e.g. Loop 1/100). Progress bar fills smoothly."
5,Live Spectral Readings (Every stride),Device -> App,"{""SOILCALIBRATIONDATA"": ""CAPTURING"", ""nutrient"": ""OC"", ""point"": ""blank"", ""sample"": 0, ""total"": 100, ""channels"": {""A"": 751.009, ""B"": 160.003, ""C"": 52.598, ""D"": 43.894, ""E"": 78.519, ""F"": 404.055, ""G"": 276.549, ""H"": 297.824, ""I"": 155.076, ""J"": 46.006, ""K"": 26.776, ""L"": 16.922, ""R"": 1160.927, ""S"": 392.937, ""T"": 1012.483, ""U"": 351.935, ""V"": 471.097, ""W"": 623.339, ""UVA"": 988.753, ""UVB"": 18.515, ""UVC"": 9.005}}",channels: Key-value map of floating-point readings for all 21 spectral channels (A..W, UVA, UVB, UVC).,"Channel boxes light up with live numerical values (e.g. 751.01). Header updates: Live channel readings (21/21)."
6,Status Heartbeat Poll,App -> Device,"{""SOILCALIBRATIONSTATUS"": true}",Polled by app every 1.5 seconds during capture.,Ensures connection is alive and monitors device operational state.
7,Status Heartbeat Reply,Device -> App,"{""SOILCALIBRATIONSTATUS"": ""RUNNING""}",Confirms capture thread is actively running on device.,App continues capture phase without timeouts.
8,Calibration Complete & Saved,Device -> App,"{""SOILCALIBRATION"": ""COMPLETED"", ""nutrient"": ""OC"", ""point"": ""blank"", ""message"": ""OC/blank saved""}",Device has finished all loops and written data to persistent storage.,"Halts capture mode. Saves point locally in app storage. Shows 'Calibration Successful' popup dialog. Adds green checkmark to the calibrated point card."
9,User Abort / Cancel,App -> Device,"{""SOILCALIBRATION"": ""STOP"", ""SOILCALIBRATE"": ""CANCEL""}",Sent if user taps 'Cancel' or presses Android Back button.,App returns to idle calibration screen immediately.
10,Cancel Acknowledgment,Device -> App,"{""SOILCALIBRATION"": ""STOPPED""}",Device confirms capture thread was stopped and LEDs turned off.,App clears all active timers and remains on idle screen.
11,Hardware Error,Device -> App,"{""SOILCALIBRATION"": ""ERROR"", ""nutrient"": ""OC"", ""point"": ""blank"", ""message"": ""Sensor read failure""}","Sent if I2C bus fails, sensor times out, or exception occurs.",App displays error alert with the device message and offers a 'Retry' option.
